key,distance_kpc,pulsars
glimpsec01,4.2,6
ngc104,4.5,42
ngc1851,12.1,15
ngc1904,12.9,2
ngc2808,9.6,4
ngc362,8.6,12
ngc5024,17.9,5
ngc5139,5.2,19
ngc5272,10.2,5
ngc5904,7.5,7
ngc5986,10.4,1
ngc6093,10.0,7
ngc6121,2.2,1
ngc6205,7.1,9
ngc6218,4.8,2
ngc6254,4.4,2
ngc6266,6.8,10
ngc6316,10.4,1
ngc6341,8.3,2
ngc6342,8.5,2
ngc6388,9.9,11
ngc6397,2.3,2
ngc6402,9.3,5
ngc6440,8.5,9
ngc6441,11.6,11
ngc6517,10.6,21
ngc6522,7.7,6
ngc6539,7.8,1
ngc6544,3.0,3
ngc6624,7.9,14
ngc6626,5.5,14
ngc6637,8.8,3
ngc6652,10.0,2
ngc6656,3.2,4
ngc6681,9.0,6
ngc6712,6.9,1
ngc6749,7.9,1
ngc6752,4.0,9
ngc6760,7.4,2
ngc6838,4.0,5
ngc7078,10.4,15
ngc7089,11.5,10
ngc7099,8.1,2
terzan1,6.7,8
terzan5,6.9,49
terzan6,6.8,1
