key,distance_kpc,gamma,gamma_lower,gamma_upper,estimate,core_collapsed
1636283,,1.72,0.0698,0.0482,gamma3,0
am1,119.56,0.00419,0.00249,0.00883,gamma,0
am4,,0.0026,0.000137,0.000155,gamma3,0
arp2,28.58,0.00518,0.0033,0.00803,gamma,0
bh176,,0.146,0.00549,0.0056,gamma3,0
djorg1,,9.04,1.37,1.25,gamma3,0
djorg2,,46.4,3.38,3.57,gamma3,0
e3,,0.0759,0.00204,0.0018,gamma3,0
eridanus,,0.0339,0.00102,0.000926,gamma3,0
hp,8.23,0.662,0.359,1.07,gamma,1
ic1276,5.40,7.97,4.26,16.0,gamma,0
ic4499,18.77,0.797,0.525,1.21,gamma,0
liller1,,391.0,87.2,164.0,gamma3,0
ngc104,4.46,1000.0,866.0,1150.0,gamma,0
ngc1261,16.29,15.4,11.1,26.0,gamma,0
ngc1851,12.07,1530.0,1340.0,1730.0,gamma,0
ngc1904,12.94,116.0,102.0,135.0,gamma,1
ngc2298,10.79,4.31,3.1,5.79,gamma,0
ngc2419,82.49,2.8,2.27,3.55,gamma,0
ngc2808,9.59,923.0,840.0,990.0,gamma,0
ngc288,8.90,0.766,0.561,1.05,gamma,0
ngc3201,4.91,7.17,4.9,10.7,gamma,0
ngc362,8.61,735.0,618.0,872.0,gamma,1
ngc4147,19.30,16.6,10.2,29.1,gamma,0
ngc4372,5.81,0.233,0.109,0.598,gamma,0
ngc4590,10.26,5.82,4.12,8.51,gamma,0
ngc4833,,23.0,5.64,10.8,gamma2,0
ngc5024,17.85,35.4,25.8,47.8,gamma,0
ngc5053,17.37,0.105,0.0688,0.166,gamma,0
ngc5139,5.17,90.4,70.0,117.0,gamma,0
ngc5272,10.18,194.0,176.0,227.0,gamma,0
ngc5286,11.67,458.0,397.0,516.0,gamma,0
ngc5466,15.55,0.239,0.192,0.306,gamma,0
ngc5634,25.18,20.2,12.7,34.4,gamma,0
ngc5694,35.01,191.0,157.0,243.0,gamma,0
ngc5824,32.17,984.0,829.0,1160.0,gamma,0
ngc5897,12.48,0.851,0.662,1.21,gamma,0
ngc5904,7.47,164.0,134.0,203.0,gamma,0
ngc5927,7.67,68.2,57.9,80.9,gamma,0
ngc5946,10.55,134.0,89.4,168.0,gamma,1
ngc5986,10.43,61.9,51.5,77.8,gamma,0
ngc6093,10.01,532.0,463.0,591.0,gamma,0
ngc6101,15.45,0.974,0.687,1.54,gamma,0
ngc6121,2.22,26.9,17.3,38.5,gamma,0
ngc6139,10.12,307.0,218.0,401.0,gamma,0
ngc6144,8.89,3.14,2.29,4.21,gamma,0
ngc6171,6.39,6.77,5.05,9.11,gamma,0
ngc6205,7.14,68.9,54.3,87.0,gamma,0
ngc6218,4.83,13.0,8.97,18.4,gamma,0
ngc6229,30.46,47.6,38.2,78.6,gamma,0
ngc6235,11.48,5.75,4.16,8.47,gamma,0
ngc6254,4.39,31.4,27.3,35.7,gamma,0
ngc6256,10.28,169.0,109.0,288.0,gamma,1
ngc6266,6.83,1670.0,1100.0,2380.0,gamma,1
ngc6273,8.80,200.0,161.0,267.0,gamma,0
ngc6284,15.29,666.0,561.0,788.0,gamma,1
ngc6287,9.38,36.3,28.6,44.0,gamma,0
ngc6293,9.48,847.0,608.0,1220.0,gamma,1
ngc6304,5.88,123.0,101.0,177.0,gamma,0
ngc6316,10.45,77.0,62.2,102.0,gamma,0
ngc6325,7.83,118.0,72.4,163.0,gamma,1
ngc6333,7.91,131.0,89.2,190.0,gamma,0
ngc6341,8.27,270.0,241.0,300.0,gamma,0
ngc6342,8.53,44.8,32.3,59.2,gamma,1
ngc6352,5.62,6.74,5.44,8.45,gamma,0
ngc6355,9.22,99.2,73.5,140.0,gamma,1
ngc6356,15.08,88.1,74.4,108.0,gamma,0
ngc6362,7.59,4.56,3.53,6.07,gamma,0
ngc6366,3.53,5.14,3.38,7.89,gamma,0
ngc6380,10.88,116.0,71.3,184.0,gamma,1
ngc6388,9.92,899.0,686.0,1140.0,gamma,0
ngc6397,2.30,84.1,65.8,102.0,gamma,1
ngc6401,10.56,44.0,33.3,55.0,gamma,0
ngc6402,9.25,124.0,93.8,156.0,gamma,0
ngc6426,20.55,1.58,1.06,2.67,gamma,0
ngc6440,8.45,1400.0,923.0,2030.0,gamma,0
ngc6441,11.60,2300.0,1660.0,3270.0,gamma,0
ngc6453,11.57,371.0,282.0,499.0,gamma,1
ngc6496,11.35,0.657,0.368,1.27,gamma,0
ngc6517,10.63,338.0,240.0,490.0,gamma,0
ngc6522,7.70,363.0,264.0,476.0,gamma,1
ngc6528,7.93,278.0,229.0,392.0,gamma,0
ngc6535,6.81,0.388,0.196,0.777,gamma,0
ngc6539,7.79,42.1,26.8,70.7,gamma,0
ngc6540,,227.0,65.8,122.0,gamma2,0
ngc6541,7.54,386.0,323.0,481.0,gamma,1
ngc6544,2.96,111.0,74.5,179.0,gamma,1
ngc6553,5.96,69.0,50.2,95.8,gamma,0
ngc6558,7.37,105.0,85.7,131.0,gamma,1
ngc6569,10.90,53.6,32.8,83.8,gamma,0
ngc6584,13.49,11.8,8.44,17.2,gamma,0
ngc6624,7.91,1150.0,972.0,1260.0,gamma,1
ngc6626,5.52,648.0,557.0,732.0,gamma,0
ngc6637,8.80,89.9,71.8,126.0,gamma,0
ngc6638,9.41,137.0,110.0,176.0,gamma,0
ngc6642,8.13,97.8,73.3,129.0,gamma,1
ngc6652,10.00,700.0,511.0,992.0,gamma,0
ngc6656,3.23,77.5,51.6,109.0,gamma,0
ngc6681,9.01,1040.0,848.0,1310.0,gamma,1
ngc6712,6.93,30.8,24.2,36.4,gamma,0
ngc6715,26.49,2520.0,2250.0,2750.0,gamma,0
ngc6717,7.11,39.8,26.1,61.6,gamma,0
ngc6723,8.65,11.4,7.01,19.4,gamma,1
ngc6749,,51.5,20.9,40.7,gamma2,0
ngc6752,3.99,401.0,275.0,583.0,gamma,1
ngc6760,7.36,56.9,37.5,83.5,gamma,0
ngc6779,9.44,27.7,18.5,39.9,gamma,0
ngc6809,5.35,3.23,2.23,4.61,gamma,0
ngc6838,,1.47,0.138,0.146,gamma2,0
ngc6864,20.84,307.0,225.0,402.0,gamma,0
ngc6934,15.63,29.9,21.7,41.9,gamma,0
ngc6981,17.02,4.69,2.93,7.21,gamma,0
ngc7006,41.21,9.4,6.15,14.3,gamma,0
ngc7078,10.38,4510.0,3520.0,5870.0,gamma,1
ngc7089,11.56,518.0,447.0,596.0,gamma,0
ngc7099,8.12,324.0,243.0,448.0,gamma,1
ngc7492,24.84,0.192,0.115,0.435,gamma,0
pal1,11.14,0.895,0.654,1.49,gamma,0
pal10,5.93,59.0,23.5,102.0,gamma,0
pal11,13.40,20.8,13.7,32.0,gamma,0
pal12,19.04,0.397,0.181,0.817,gamma,0
pal13,26.00,0.00109,0.00047,0.00277,gamma,0
pal14,76.42,0.00186,0.0014,0.00273,gamma,0
pal15,,0.0236,0.00573,0.0111,gamma2,0
pal2,27.11,929.0,374.0,1770.0,gamma,0
pal3,92.30,0.0409,0.0311,0.0601,gamma,0
pal4,108.59,0.0189,0.0152,0.0298,gamma,0
pal5,23.20,0.00212,0.00149,0.00298,gamma,0
pal6,5.79,15.5,7.75,28.7,gamma,0
pal8,12.81,4.22,3.01,6.88,gamma,0
rup106,,0.359,0.0081,0.00767,gamma3,0
terzan1,6.73,0.292,0.122,0.566,gamma,1
terzan10,,4430.0,803.0,1160.0,gamma3,0
terzan12,,92.9,40.8,100.0,gamma2,0
terzan2,7.49,22.1,7.71,50.7,gamma,1
terzan3,,1.18,0.367,0.652,gamma2,0
terzan5,5.98,6800.0,3780.0,7840.0,gamma,0
terzan6,6.78,2470.0,753.0,7540.0,gamma,1
terzan7,22.83,1.59,0.956,2.68,gamma,0
terzan8,,0.0841,0.0203,0.0311,gamma2,0
terzan9,7.09,1.71,0.751,3.38,gamma,1
ton2,8.19,4.29,2.56,8.01,gamma,0
uks1,,100.0,23.7,39.0,gamma2,0
