name,n_1e5,rv_pc,rgc_kpc,z_solar,mass_1e5,rc_pc,rh_pc,neutron_stars,black_holes
n8-rv0.5-rg2-z0.01,8,0.5,2,0.01,1.10,0.31,2.04,593,0
n8-rv0.5-rg2-z0.1,8,0.5,2,0.1,1.40,0.31,1.62,248,1
n16-rv0.5-rg2-z0.1,16,0.5,2,0.1,3.70,0.29,1.13,729,20
n8-rv0.5-rg2-z1.0,8,0.5,2,1.0,1.40,0.11,1.23,272,0
n16-rv0.5-rg2-z1.0,16,0.5,2,1.0,3.70,0.10,1.13,762,1
n4-rv0.5-rg8-z0.01,4,0.5,8,0.01,0.20,0.88,2.67,68,0
n8-rv0.5-rg8-z0.01,8,0.5,8,0.01,1.90,0.14,2.39,731,1
n2-rv0.5-rg8-z0.1,2,0.5,8,0.1,0.20,0.18,1.90,13,0
n4-rv0.5-rg8-z0.1,4,0.5,8,0.1,0.80,0.36,2.49,77,0
n8-rv0.5-rg8-z0.1,8,0.5,8,0.1,2.00,0.17,1.81,278,0
n16-rv0.5-rg8-z0.1,16,0.5,8,0.1,4.40,0.39,1.54,750,52
n2-rv0.5-rg8-z1.0,2,0.5,8,1.0,0.00,0.15,2.98,5,0
n4-rv0.5-rg8-z1.0,4,0.5,8,1.0,0.30,0.16,2.35,25,0
n8-rv0.5-rg8-z1.0,8,0.5,8,1.0,2.00,0.13,0.84,252,1
n16-rv0.5-rg8-z1.0,16,0.5,8,1.0,4.40,0.10,1.27,784,4
n2-rv0.5-rg20-z0.01,2,0.5,20,0.01,0.20,0.38,4.12,28,0
n4-rv0.5-rg20-z0.01,4,0.5,20,0.01,0.40,0.14,1.89,153,1
n8-rv0.5-rg20-z0.01,8,0.5,20,0.01,2.10,0.18,2.28,801,0
n2-rv0.5-rg20-z0.1,2,0.5,20,0.1,0.20,0.47,2.78,11,0
n4-rv0.5-rg20-z0.1,4,0.5,20,0.1,0.90,0.46,3.03,75,0
n8-rv0.5-rg20-z0.1,8,0.5,20,0.1,2.20,0.23,1.92,307,1
n16-rv0.5-rg20-z0.1,16,0.5,20,0.1,4.60,0.45,1.77,812,63
n2-rv0.5-rg20-z1.0,2,0.5,20,1.0,0.40,0.11,1.03,19,0
n4-rv0.5-rg20-z1.0,4,0.5,20,1.0,1.00,0.20,1.91,84,0
n8-rv0.5-rg20-z1.0,8,0.5,20,1.0,2.20,0.16,1.17,275,1
n16-rv0.5-rg20-z1.0,16,0.5,20,1.0,4.60,0.13,1.25,765,5
n4-rv1-rg2-z0.01,4,1,2,0.01,0.10,0.10,1.58,76,0
n8-rv1-rg2-z0.01,8,1,2,0.01,1.70,0.33,1.92,673,7
n16-rv1-rg2-z0.01,16,1,2,0.01,3.90,1.68,2.97,1776,147
n4-rv1-rg2-z0.1,4,1,2,0.1,0.30,0.26,1.19,46,0
n8-rv1-rg2-z0.1,8,1,2,0.1,1.70,0.60,1.78,202,20
n16-rv1-rg2-z0.1,16,1,2,0.1,4.00,1.07,2.52,555,143
n4-rv1-rg2-z1.0,4,1,2,1.0,0.10,0.02,0.11,30,1
n8-rv1-rg2-z1.0,8,1,2,1.0,1.80,0.06,1.09,200,0
n16-rv1-rg2-z1.0,16,1,2,1.0,4.40,0.24,1.01,561,67
n2-rv1-rg8-z0.01,2,1,8,0.01,0.20,1.03,2.59,28,0
n4-rv1-rg8-z0.01,4,1,8,0.01,0.90,0.49,2.50,199,1
n8-rv1-rg8-z0.01,8,1,8,0.01,2.20,0.65,2.26,769,27
n16-rv1-rg8-z0.01,16,1,8,0.01,4.70,1.46,3.25,2005,183
n2-rv1-rg8-z0.1,2,1,8,0.1,0.30,0.22,2.48,9,0
n4-rv1-rg8-z0.1,4,1,8,0.1,1.00,0.39,1.63,67,1
n8-rv1-rg8-z0.1,8,1,8,0.1,2.20,0.61,2.03,237,25
n16-rv1-rg8-z0.1,16,1,8,0.1,4.60,1.25,2.73,610,189
n2-rv1-rg8-z1.0,2,1,8,1.0,0.40,0.12,1.64,5,0
n4-rv1-rg8-z1.0,4,1,8,1.0,1.00,0.11,1.71,63,0
n8-rv1-rg8-z1.0,8,1,8,1.0,2.30,0.10,1.11,219,7
n16-rv1-rg8-z1.0,16,1,8,1.0,4.90,0.34,1.15,563,94
n2-rv1-rg20-z0.01,2,1,20,0.01,0.40,0.44,3.56,47,0
n4-rv1-rg20-z0.01,4,1,20,0.01,0.90,0.75,3.10,184,0
n8-rv1-rg20-z0.01,8,1,20,0.01,2.40,0.97,2.55,791,24
n16-rv1-rg20-z0.01,16,1,20,0.01,4.90,1.60,3.47,2049,214
n2-rv1-rg20-z0.1,2,1,20,0.1,0.40,0.08,2.61,11,1
n4-rv1-rg20-z0.1,4,1,20,0.1,1.10,0.36,2.23,81,1
n8-rv1-rg20-z0.1,8,1,20,0.1,2.30,0.98,2.25,243,33
n16-rv1-rg20-z0.1,16,1,20,0.1,4.80,1.43,2.99,616,217
n2-rv1-rg20-z1.0,2,1,20,1.0,0.50,0.17,1.67,18,0
n4-rv1-rg20-z1.0,4,1,20,1.0,1.10,0.08,1.19,73,2
n8-rv1-rg20-z1.0,8,1,20,1.0,2.40,0.11,1.37,220,12
n16-rv1-rg20-z1.0,16,1,20,1.0,5.00,0.36,1.12,578,108
n4-rv2-rg2-z0.01,4,2,2,0.01,0.20,0.21,1.27,65,0
n8-rv2-rg2-z0.01,8,2,2,0.01,1.50,1.99,3.36,417,47
n16-rv2-rg2-z0.01,16,2,2,0.01,3.90,3.62,5.17,1281,418
n4-rv2-rg2-z0.1,4,2,2,0.1,0.30,0.15,1.06,28,1
n8-rv2-rg2-z0.1,8,2,2,0.1,1.60,2.44,3.58,112,72
n16-rv2-rg2-z0.1,16,2,2,0.1,4.10,3.07,4.39,371,418
n4-rv2-rg2-z1.0,4,2,2,1.0,0.50,0.13,0.97,46,3
n8-rv2-rg2-z1.0,8,2,2,1.0,2.00,0.55,1.91,157,86
n16-rv2-rg2-z1.0,16,2,2,1.0,4.70,1.06,2.29,418,360
n2-rv2-rg8-z0.01,2,2,8,0.01,0.50,0.51,2.50,25,0
n4-rv2-rg8-z0.01,4,2,8,0.01,1.10,1.27,3.57,150,9
n8-rv2-rg8-z0.01,8,2,8,0.01,2.30,2.31,4.51,494,93
n16-rv2-rg8-z0.01,16,2,8,0.01,4.80,3.35,5.75,1602,534
n2-rv2-rg8-z0.1,2,2,8,0.1,0.40,0.17,1.98,6,0
n4-rv2-rg8-z0.1,4,2,8,0.1,1.10,1.14,2.92,44,11
n8-rv2-rg8-z0.1,8,2,8,0.1,2.30,2.82,3.86,160,89
n16-rv2-rg8-z0.1,16,2,8,0.1,4.80,3.13,4.97,452,478
n2-rv2-rg8-z1.0,2,2,8,1.0,0.50,0.39,1.76,9,3
n4-rv2-rg8-z1.0,4,2,8,1.0,1.20,0.65,2.10,45,32
n8-rv2-rg8-z1.0,8,2,8,1.0,2.50,0.73,2.05,161,121
n16-rv2-rg8-z1.0,16,2,8,1.0,5.10,1.11,2.23,484,360
n2-rv2-rg20-z0.01,2,2,20,0.01,0.50,0.48,3.27,33,2
n4-rv2-rg20-z0.01,4,2,20,0.01,1.20,2.57,3.29,142,8
n8-rv2-rg20-z0.01,8,2,20,0.01,2.40,2.62,4.97,542,94
n16-rv2-rg20-z0.01,16,2,20,0.01,5.00,4.82,5.52,1668,502
n2-rv2-rg20-z0.1,2,2,20,0.1,0.50,0.63,2.58,6,3
n4-rv2-rg20-z0.1,4,2,20,0.1,1.20,1.37,3.37,46,15
n8-rv2-rg20-z0.1,8,2,20,0.1,2.40,2.29,4.19,171,123
n16-rv2-rg20-z0.1,16,2,20,0.1,4.90,2.56,4.96,450,503
n2-rv2-rg20-z1.0,2,2,20,1.0,0.60,0.36,1.33,18,3
n4-rv2-rg20-z1.0,4,2,20,1.0,1.20,1.18,2.23,52,29
n8-rv2-rg20-z1.0,8,2,20,1.0,2.50,0.98,2.38,166,119
n16-rv2-rg20-z1.0,16,2,20,1.0,5.10,0.96,2.37,488,403
n16-rv4-rg2-z0.01,16,4,2,0.01,2.40,7.75,7.52,560,778
n16-rv4-rg2-z0.1,16,4,2,0.1,3.30,5.89,7.35,233,814
n8-rv4-rg2-z1.0,8,4,2,1.0,1.40,3.55,3.38,39,248
n16-rv4-rg2-z1.0,16,4,2,1.0,4.50,2.78,4.31,191,740
n2-rv4-rg8-z0.01,2,4,8,0.01,0.40,2.40,4.49,17,3
n4-rv4-rg8-z0.01,4,4,8,0.01,1.10,3.84,6.77,46,44
n8-rv4-rg8-z0.01,8,4,8,0.01,2.40,3.67,8.10,261,294
n16-rv4-rg8-z0.01,16,4,8,0.01,5.00,7.24,8.55,1057,1008
n2-rv4-rg8-z0.1,2,4,8,0.1,0.40,2.79,5.52,4,6
n4-rv4-rg8-z0.1,4,4,8,0.1,1.10,3.67,6.66,20,47
n8-rv4-rg8-z0.1,8,4,8,0.1,2.30,4.66,7.12,75,269
n16-rv4-rg8-z0.1,16,4,8,0.1,4.90,6.26,7.69,334,914
n2-rv4-rg8-z1.0,2,4,8,1.0,0.50,1.76,4.85,2,27
n4-rv4-rg8-z1.0,4,4,8,1.0,1.20,1.72,4.04,18,113
n8-rv4-rg8-z1.0,8,4,8,1.0,2.50,2.90,4.78,70,303
n16-rv4-rg8-z1.0,16,4,8,1.0,5.20,1.96,4.69,256,776
n2-rv4-rg20-z0.01,2,4,20,0.01,0.60,2.68,5.00,16,9
n4-rv4-rg20-z0.01,4,4,20,0.01,1.20,5.41,7.75,75,53
n8-rv4-rg20-z0.01,8,4,20,0.01,2.50,6.72,8.21,271,330
n16-rv4-rg20-z0.01,16,4,20,0.01,5.20,6.94,8.75,1099,1036
n2-rv4-rg20-z0.1,2,4,20,0.1,0.60,1.62,4.60,8,8
n4-rv4-rg20-z0.1,4,4,20,0.1,1.20,5.77,6.55,22,55
n8-rv4-rg20-z0.1,8,4,20,0.1,2.40,6.31,7.97,106,285
n16-rv4-rg20-z0.1,16,4,20,0.1,5.00,5.87,7.74,345,957
n2-rv4-rg20-z1.0,2,4,20,1.0,0.60,1.98,4.31,5,38
n4-rv4-rg20-z1.0,4,4,20,1.0,1.30,2.13,4.60,19,111
n8-rv4-rg20-z1.0,8,4,20,1.0,2.60,2.59,4.69,84,323
n16-rv4-rg20-z1.0,16,4,20,1.0,5.20,2.86,5.16,259,791
n32-rv1-rg20-z0.01,32,1,20,0.01,10.00,2.01,4.23,4900,852
n32-rv2-rg20-z0.01,32,2,20,0.01,10.30,3.95,6.15,4144,1714
n32-rv1-rg20-z1.0,32,1,20,1.0,10.10,0.48,1.25,1411,518
n32-rv2-rg20-z1.0,32,2,20,1.0,10.40,1.14,2.49,1349,1165
